type,city,neighborhood,sold,price,toList,aboveList,dom,forSale,newlyListed,priceDrop,soldYoY,priceYoY,toListYoY,aboveListYoY,domYoY,forSaleYoY,newlyListedYoY,priceDropYoY
city,Algona,,0,,,,,1,6,0,,,,,,,,
city,Arlington,,58,176424,0.002926118,0.603448276,13,24,90,0.178082192,0.414634146,0.329184591,-0.009658394,0.140033642,-2,0.6,0.578947368,0.025908279
city,Auburn,,168,154627,0,0.160714286,26,75,206,0.329621381,-0.196172249,-0.117657464,0.000661298,-0.169429255,19,-0.147727273,-0.028301887,0.147458193
city,Beaux Arts,,0,,,,,0,0,,,,,,,,,
city,Bellevue,,583,295097,-0.001789843,0.322469983,10,216,829,0.207401696,-0.205722071,-0.09845321,-0.001789843,-0.049464622,-2,-0.260273973,-0.168505517,0.094516862
city,Black Diamond,,4,160000,-0.05826957,0,68,2,6,0.25,,,,,,,,-0.083333333
city,Bothell,,338,282714,0,0.363905325,17,160,584,0.223492723,0.305019305,0.494252145,-0.007251972,-0.056944095,-6,0.649484536,0.645070423,0.123492723
city,Brier,,3,,,,,1,0,0,,,,,,,,
city,Burien,,35,222214,-0.069725676,0.085714286,52,24,63,0.232876712,-0.520547945,0.38884618,-0.0687942,0.003522505,-38,-0.4,-0.336842105,0.054453476
city,Carnation,,0,,,,,1,3,,,,,,,,,
city,Clyde Hill,,0,,,,,0,0,,,,,,,,,
city,Covington,,0,,,,,0,0,,-1,,,,,,,
city,Darrington,,0,,,,,0,0,,,,,,,,,
city,Des Moines,,81,102661,-0.007463958,0.320987654,21,51,137,0.148026316,-0.301724138,-0.158902471,-0.006433223,0.002022137,12,0.02,-0.092715232,-0.049298099
city,Duvall,,10,158190,-0.003259689,0.3,14,2,12,0,2.333333333,,,,,-0.333333333,3,-0.210526316
city,Edmonds,,268,249789,-0.00055,0.23880597,11,87,325,0.164750958,-0.202380952,-0.02631938,0.000204831,-0.005241649,15,-0.074468085,0.07615894,0.013774048
city,Enumclaw,,3,,,,,3,7,0.526315789,-0.571428571,,,,,0,0.166666667,0.026315789
city,Everett,,513,166195,0,0.306042885,26,182,591,0.214678899,0.084566596,0.102886038,0,-0.063935973,-5,0.02247191,0.125714286,0.070349002
city,Fall City,,0,,,,,0,0,,,,,,,,,
city,Federal Way,,177,88676,-0.01952819,0.225988701,20,70,215,0.220095694,0.011428571,0.093928104,-0.020657318,-0.071154157,10,-0.247311828,-0.00921659,0.012888487
city,Gold Bar,,0,,,,,0,0,,,,,,,,,
city,Granite Falls,,0,,,,,0,0,,,,,,,,,
city,Issaquah,,413,295287,0,0.404358354,6,150,631,0.201773836,-0.030516432,0.101973414,-8.10E-06,-0.025219111,5,-0.050632911,0.155677656,0.084437684
city,Kenmore,,61,212504,-0.001315277,0.180327869,31,23,96,0.217391304,0.29787234,0.026277027,0.005078953,0.052668294,7,0.045454545,0.297297297,-0.015166835
city,Kent,,316,135870,0,0.231012658,33,125,386,0.2436751,0.19245283,0.043011661,-0.001010743,-0.180308096,-16,0.10619469,0.152238806,0.034544025
city,Kirkland,,595,319526,0,0.349579832,10,214,782,0.227237354,0.056838366,0.234706535,-5.99E-07,-0.112231891,-2,0.132275132,0.277777778,0.091074666
city,Lake Forest Park,,29,201174,0.006125562,0.551724138,12,9,33,0.092592593,1.416666667,0.829686221,0.039816863,0.551724138,-1,0.125,1.357142857,-0.254346183
city,Lake Stevens,,95,238838,0,0.263157895,15,31,98,0.266304348,-0.128440367,0.241884577,-0.00417624,-0.18638339,-5,0.107142857,-0.066666667,0.177018634
city,Lynnwood,,425,273874,0,0.223529412,29,164,491,0.23853211,0.136363636,0.491834711,0,-0.292513369,-16,0.451327434,0.221393035,0.142803097
city,Maple Valley,,28,232978,-0.002293471,0.107142857,28,16,46,0.258064516,-0.471698113,0.108178943,-0.001137148,-0.100404313,-15,0.333333333,-0.06122449,-0.005824373
city,Marysville,,35,178277,0.001539889,0.342857143,46,26,69,0.207792208,-0.684684685,0.009381723,0.000907205,-0.152638353,-23,-0.103448276,-0.092105263,0.055745424
city,Medina,,0,,,,,0,0,,,,,,,,,
city,Mercer Island,,37,334345,-0.010820323,0.108108108,18,13,41,0.1625,-0.26,0.126195769,-0.001756696,-0.031891892,-5,-0.235294118,-0.254545455,0.061489899
city,Mill Creek,,67,219388,-0.013374862,0.23880597,31,52,176,0.208333333,-0.211764706,-0.1859383,-0.013399972,-0.055311677,-22,0.575757576,0.725490196,-0.021666667
city,Monroe,,21,156088,-0.017765625,0.142857143,27,12,33,0.150684932,0.105263158,0.418852832,-0.019185624,-0.015037594,-12,0.5,0.1,-0.131923764
city,Mountlake Terrace,,87,191259,0,0.275862069,20,23,89,0.179856115,0.048192771,0.056381903,0,-0.061487329,-2,0.095238095,0.369230769,0.083856115
city,Mukilteo,,76,316618,-0.027453005,0,51,47,107,0.308510638,-0.2,0.361791992,-0.021818178,-0.147368421,-24,0.044444444,-0.366863905,0.092092728
city,Newcastle,,36,348968,-0.007989068,0.194444444,15,14,61,0.385542169,-0.462686567,0.208070234,-0.011198857,-0.193615257,-6,-0.066666667,0.016666667,0.351834304
city,Normandy Park,,0,,,,,2,6,0.615384615,-1,,,,,,0.5,-0.184615385
city,North Bend,,9,143000,-0.062295082,0,8,5,15,0.107142857,2,,,,,,4,-0.178571429
city,Pacific,,0,,,,,1,0,0.666666667,,,,,,,,0.666666667
city,Preston,,0,,,,,0,0,,,,,,,,,
city,Ravensdale,,0,,,,,0,0,,,,,,,,,
city,Redmond,,408,316207,3.54E-06,0.475490196,9,118,466,0.175637394,0.165714286,0.135711258,-0.000911807,-0.081652661,-3,0.035087719,0.037861915,0.024611001
city,Renton,,290,157810,4.35E-05,0.293103448,22,115,377,0.210144928,0.013986014,0.338507209,-0.001165554,-0.091511936,4,-0.06504065,-0.073710074,0.033514493
city,Sammamish,,82,295323,-0.001295603,0.353658537,14,32,143,0.180412371,-0.196078431,-0.089563006,-0.003513499,-0.018890483,-10,0.230769231,0.243478261,0.038476887
city,Seatac,,29,116379,-0.006630219,0.206896552,28,22,54,0.330769231,0.115384615,-0.093112961,0.002244168,-0.062334218,21,-0.214285714,-0.018181818,0.164102564
city,Seattle,,3414,345526,0,0.336848272,8,"1,252","4,593",0.199920138,0.023995201,0.063863983,0,0.017112219,1,-0.027950311,-0.007562662,0.022901505
city,Shoreline,,132,189731,-0.001292295,0.21969697,30,47,166,0.26056338,-0.070422535,0.145040978,0.013951841,-0.01973965,13,-0.040816327,0.194244604,0.077512533
city,Skykomish,,0,,,,,0,0,,,,,,,,,
city,Snohomish,,107,202480,0,0.186915888,41,33,89,0.175,0.910714286,0.254336406,0.001995564,-0.009512684,-3,0.434782609,0.098765432,0.057352941
city,Snoqualmie,,44,287181,-0.009247886,0.25,18,21,42,0.227642276,-0.254237288,0.024059137,-0.007748494,-0.055084746,-3,-0.086956522,-0.4,0.148505586
city,Stanwood,,7,194285,-0.040378149,0,72,4,8,0.384615385,1.333333333,,,,,-0.764705882,-0.764705882,0.111888112
city,Sultan,,6,164900,0.017428571,0.5,45,1,4,0,,,,,,,0.333333333,0
city,Tukwila,,18,113500,-0.062156011,0.166666667,16,13,50,0.192307692,-0.6,0.443414343,-0.022899409,0.011111111,17,0,0.041666667,-0.08974359
city,Tulalip,,0,,,,,0,0,,,,,,,,,
city,Vashon,,0,,,,,1,3,,-1,,,,,,-0.25,
city,Woodinville,,63,136031,-0.000634921,0.222222222,17,13,41,0.2875,0.086206897,0.054790059,-0.031605596,-0.432950192,-11,-0.315789474,-0.388059701,0.225
city,Woodway,,0,,,,,0,0,,,,,,,,,
city,Yarrow Point,,0,,,,,0,0,,,,,,,,,
neighborhood,Arlington,Edgecomb,9,194911,-0.01293381,0,92,1,3,0.375,,,,,,,-0.571428571,0.375
neighborhood,Auburn,Berkshire Glen,0,,,,,0,0,,,,,,,,,
neighborhood,Auburn,Christopher,17,80470,-0.03003557,0,38,8,11,0.127659574,1.428571429,-0.393982754,0.019958152,0,19,,2.666666667,0.127659574
neighborhood,Auburn,Downtown,0,,,,,0,0,,,,,,,,,
neighborhood,Auburn,Green Valley,0,,,,,0,0,,,,,,,,,
neighborhood,Auburn,Jovita,6,180000,-0.014879516,0,18,5,17,0.481481481,0,0.049868766,-0.010082235,-0.5,28,0,0.307692308,0.106481481
neighborhood,Auburn,Lake Dolloff,0,,,,,1,6,0.857142857,-1,,,,,,-0.142857143,0.5
neighborhood,Auburn,Lakeland,98,168032,-0.000711913,0.142857143,25,42,129,0.330677291,-0.228346457,-0.131042757,-7.17E-05,-0.282339708,23,-0.106382979,0.252427184,0.16870546
neighborhood,Auburn,Riverwalk,0,,,,,1,3,,-1,,,,,-0.666666667,0.5,
neighborhood,Auburn,Southeast of East Main Street,0,,,,,0,0,,,,,,,,,
neighborhood,Auburn,Stuck,7,71971,-0.038494297,0.571428571,43,2,5,0.333333333,1.333333333,,,,,-0.75,-0.642857143,-0.144927536
neighborhood,Beaux Arts,Beaux Arts,0,,,,,0,0,,,,,,,,,
neighborhood,Bellevue,Apple Valley,3,,,,,2,11,0.230769231,-0.5,,,,,,4.5,
neighborhood,Bellevue,Bridle Trails,6,262500,0.035867391,0,16,2,6,0.3,0,-0.272853186,0.040934042,-0.5,-7,-0.333333333,-0.666666667,0.3
neighborhood,Bellevue,City Center,48,683229,-0.024838769,0.0625,17,18,66,0.205607477,-0.622047244,-0.222614893,0.032853165,-0.016240157,32,-0.632653061,-0.371428571,0.102514693
neighborhood,Bellevue,City Center North,22,638818,-0.027210526,0.318181818,46,24,52,0.133802817,-0.5,0.712781959,-0.028422369,-0.045454545,-38,-0.414634146,-0.490196078,0.101282492
neighborhood,Bellevue,City Center South,21,407095,0.01169353,0.380952381,8,9,34,0.181818182,0.05,0.548036886,0.00326825,-0.119047619,6,0,-0.081081081,-0.044596913
neighborhood,Bellevue,Cougar Mountain,22,423734,0.002609,0.545454545,5,6,25,0.324324324,-0.541666667,0.242698231,0.003416616,0.045454545,6,-0.538461538,-0.545454545,0.140113798
neighborhood,Bellevue,Crossroads,63,264066,-0.025663032,0.253968254,23,19,79,0.243478261,0.536585366,0.466837755,-0.02352846,-0.307007356,-18,-0.269230769,0.179104478,0.107114625
neighborhood,Bellevue,Downtown,115,523595,-0.01487534,0.27826087,13,61,190,0.161643836,-0.474885845,-0.079573042,0.023348693,0.059082787,13,-0.429906542,-0.321428571,0.066480029
neighborhood,Bellevue,East Lake Hills,0,,,,,0,0,,,,,,,,,
neighborhood,Bellevue,East Main,7,454714,0.022828893,0.571428571,10,2,7,,-0.363636364,0.222947786,0.033891332,0.207792208,6,-0.333333333,-0.222222222,
neighborhood,Bellevue,Enatai,4,580000,-0.025210084,0,59,1,4,0,,,,,,,-0.333333333,0
neighborhood,Bellevue,Factoria,56,246589,-0.01197202,0.285714286,7,19,71,0.365217391,0.142857143,0.100406535,-0.013453925,-0.183673469,1,0.583333333,0.543478261,0.208074534
neighborhood,Bellevue,Forest Ridge II,0,,,,,0,0,,,,,,,,,
neighborhood,Bellevue,Glendale,7,260857,-0.012813233,0.428571429,110,3,10,0.1875,1.333333333,,,,,-0.4,0.666666667,-0.098214286
neighborhood,Bellevue,Hidden Valley,12,387083,-0.03264161,0,15,6,25,0.157894737,-0.47826087,-0.124547667,-0.054199162,-0.739130435,-6,-0.142857143,-0.166666667,-0.017105263
neighborhood,Bellevue,Highlands II,7,294392,-0.005266462,0,12,2,5,0.6,0,-0.125691239,-0.006218843,-0.571428571,-2,-0.333333333,-0.615384615,
neighborhood,Bellevue,Horizon Crest,0,,,,,0,0,,,,,,,,,
neighborhood,Bellevue,Horizon Heights,0,,,,,0,0,,,,,,,,,
neighborhood,Bellevue,Interlake,0,,,,,0,0,,,,,,,,,
neighborhood,Bellevue,Killarney Circle,4,580000,-0.025210084,0,59,1,4,0,,,,,,,-0.333333333,0
neighborhood,Bellevue,Lake Heights,0,,,,,0,0,,,,,,,,,
neighborhood,Bellevue,Lake Hills,37,303810,-0.022352281,0.243243243,20,9,38,0.132075472,0,0.086149017,-0.044427933,-0.378378378,-13,-0.25,-0.283018868,0.001640689
neighborhood,Bellevue,Lakemont,4,525500,0.001143075,1,2,0,0,,0.333333333,,,,,,-1,
neighborhood,Bellevue,Lakemont Woods,0,,,,,0,0,,,,,,,,,
neighborhood,Bellevue,Meydenbauer,7,863714,-0.012754905,0,22,4,14,0.571428571,0.166666667,0.847022721,0.008496376,0,-17,-0.333333333,-0.066666667,0.480519481
neighborhood,Bellevue,Mockingbird Hill,0,,,,,0,0,,,,,,,,,
neighborhood,Bellevue,Newport,31,224725,-0.002287939,0.322580645,4,10,42,0.112903226,0.148148148,0.467390595,-0.000735831,0.026284349,14,-0.090909091,-0.142857143,-0.04886148
neighborhood,Bellevue,Newport Hills,31,224725,-0.002287939,0.322580645,4,9,36,0.125,0.55,0.535510277,-0.001581554,-0.077419355,5,0.125,0.090909091,0.059782609
neighborhood,Bellevue,Newport Shores,0,,,,,0,2,,-1,,,,,,-0.666666667,
neighborhood,Bellevue,Newport Yacht Club,0,,,,,0,0,,,,,,,,,
neighborhood,Bellevue,North Bellevue,13,231692,-0.000782269,0,9,4,18,0.44,0,0.225390848,0.027311028,-0.230769231,15,-0.5,-0.4375,0.210833333
neighborhood,Bellevue,Northeast Bellevue,8,381000,0.205696203,0.5,18,0,0,,-0.333333333,0.499757913,0.205696203,0.25,-4,-1,-1,
neighborhood,Bellevue,Northtowne,19,799894,-0.01556947,0,33,9,33,0.134615385,-0.321428571,0.315230081,-0.035910634,-0.535714286,-26,0.125,-0.195121951,-0.011217949
neighborhood,Bellevue,Northwest Bellevue,80,475226,-0.004108636,0.2875,22,51,162,0.198697068,-0.316239316,0.332370744,-0.005340323,-0.139850427,-14,-0.310810811,-0.298701299,0.081579951
neighborhood,Bellevue,Northwest Village,11,421272,0.02961694,0.636363636,22,1,0,,0.571428571,0.813154746,0.055064451,0.064935065,-8,,-1,
neighborhood,Bellevue,Old Bellevue,6,520044,-0.013576659,0.5,15,3,5,,-0.142857143,-0.11979432,-0.017658291,-0.071428571,-12,,-0.375,
neighborhood,Bellevue,Overlake,66,259765,-0.004531381,0.393939394,25,21,87,0.2578125,0,0.227071967,-0.00627789,-0.121212121,-20,-0.25,0.208333333,0.169055104
neighborhood,Bellevue,Phantom Lake,0,,,,,0,0,,,,,,,,,
neighborhood,Bellevue,Pikes Peak,0,,,,,0,0,,-1,,,,,,-1,
neighborhood,Bellevue,Rock Creek,0,,,,,1,2,,,,,,,,,
neighborhood,Bellevue,Sammamish,15,284333,0.012388456,0.8,6,4,19,0.16,-0.482758621,-0.196152269,-0.025355987,0.144827586,-2,-0.6,-0.604166667,0.108275862
neighborhood,Bellevue,Sherwood Forest,0,,,,,0,0,,,,,,,,,
neighborhood,Bellevue,Somerset,0,,,,,1,3,,-1,,,,,,,
neighborhood,Bellevue,Southwest Bellevue,0,,,,,0,0,,,,,,,,,
neighborhood,Bellevue,Spiritridge,0,,,,,2,6,0.363636364,-1,,,,,-0.6,-0.793103448,0.26686217
neighborhood,Bellevue,Summit,0,,,,,0,0,,,,,,,,,
neighborhood,Bellevue,Sunset Community Org,0,,,,,0,0,,,,,,,,,
neighborhood,Bellevue,Tam O'Shanter,0,,,,,0,0,,,,,,,,,
neighborhood,Bellevue,Vasa,9,192611,0.017450282,1,5,3,12,0.235294118,-0.653846154,-0.475558787,-0.025746407,0.269230769,0,-0.625,-0.684210526,0.17146433
neighborhood,Bellevue,Vuecrest,0,,,,,0,0,,,,,,,,-1,
neighborhood,Bellevue,Vuemont I & II,0,,,,,0,0,,,,,,,,,
neighborhood,Bellevue,Vuemont South,0,,,,,0,0,,-1,,,,,,-1,
neighborhood,Bellevue,West Bellevue,116,447568,-0.013774647,0.206896552,12,50,199,0.215231788,-0.524590164,-0.161998914,0.015231178,0.018371962,18,-0.431818182,-0.219607843,0.086443909
neighborhood,Bellevue,West Lake Hills,46,370065,-0.006579339,0.413043478,9,12,54,0.14084507,-0.041666667,0.208868926,-0.016462581,-0.066123188,5,-0.076923077,-0.068965517,0.063921993
neighborhood,Bellevue,Westwood Highlands,0,,,,,0,0,,,,,,,,,
neighborhood,Bellevue,Whispering Heights,0,,,,,0,0,,,,,,,,,
neighborhood,Bellevue,Wilburton,25,228240,0.002412459,0.52,27,8,36,0.224489796,-0.264705882,0.042806036,-0.001773161,0.108235294,-23,-0.333333333,-0.142857143,0.170435742
neighborhood,Bellevue,Woodridge,24,309083,-0.014171553,0.25,11,8,30,0.155555556,0.2,0.020109575,-0.024171553,-0.2,-6,0.333333333,0.071428571,0.155555556
neighborhood,Bothell,Canyon Creek,6,452434,-0.004092051,0.5,204,0,0,,,,,,,,-1,
neighborhood,Bothell,Canyon Park,16,300000,0.00566343,0.5,5,1,7,0.333333333,1.666666667,0.163918526,0.019490371,0.5,31,-0.666666667,0.75,-0.083333333
neighborhood,Bothell,Downtown,30,178310,0.002924212,0.333333333,20,21,55,0.264,-0.210526316,0.070300964,-0.016811881,-0.087719298,4,0.105263158,-0.083333333,0.159652174
neighborhood,Bothell,Fitzgerald,40,174114,1.74E-05,0.325,8,18,59,0.157407407,0.666666667,0.155629007,-0.011081692,-0.05,39,1.571428571,1.565217391,-0.00538329
neighborhood,Bothell,Lake Pleasant,9,234166,-0.008201058,0.333333333,12,5,16,0.148148148,1.25,0.672614286,-0.263806439,-0.666666667,4,0.666666667,0.777777778,0.148148148
neighborhood,Bothell,Mays Pond,28,294928,-0.009111293,0.142857143,31,13,46,0.303797468,1.153846154,0.076984875,-0.029770794,-0.395604396,-22,2.25,2.066666667,0.183797468
neighborhood,Bothell,Maywood,3,,,,,3,14,0.411764706,-0.571428571,,,,,,3.666666667,0.411764706
neighborhood,Bothell,Norway Hill,23,174013,0.010192736,0.434782609,31,9,22,0.232142857,0.045454545,-0.082297039,0.009583051,0.162055336,-20,-0.181818182,-0.185185185,0.121031746
neighborhood,Bothell,Queensborough,4,195500,-0.022011006,0,79,3,4,0.466666667,-0.764705882,-0.044864498,-0.006200945,-0.235294118,-66,-0.25,-0.636363636,0.284848485
neighborhood,Bothell,Queensgate,65,238018,2.70E-05,0.323076923,11,37,158,0.190909091,0.140350877,0.185437159,-0.000325259,-0.062887989,-5,0.947368421,1.289855072,-0.076332288
neighborhood,Bothell,Shelton View,0,,,,,1,3,0,,,,,,,-0.571428571,0
neighborhood,Bothell,Thrasher's Corner,0,,,,,4,12,0.28,,,,,,-0.555555556,-0.571428571,0.28
neighborhood,Bothell,Westhill,21,242571,-0.004250908,0.19047619,12,6,27,0,0.75,-0.087934937,0.019397955,0.19047619,34,-0.142857143,0.125,-0.341463415
neighborhood,Brier,Brier,25,202188,-0.002037387,0.28,6,6,17,0.352941176,1.083333333,0.961409738,-0.009428691,-0.22,35,1,1.833333333,0.352941176
neighborhood,Burien,Chelsea Park,0,,,,,1,3,,-1,,,,,,0,
neighborhood,Burien,Downtown,27,270451,-0.075227425,0.111111111,85,7,23,0.068181818,-0.205882353,0.298734165,-0.072928217,0.111111111,-68,-0.666666667,-0.452380952,-0.002130682
neighborhood,Burien,Evansville,0,,,,,1,3,,-1,,,,,,0,
neighborhood,Burien,Five Corners,4,85000,0.001177856,0,34,5,15,0.344827586,-0.636363636,0.033246216,0.002723259,0,18,-0.285714286,0.5,-0.083743842
neighborhood,Burien,Gregory Heights,4,85000,0.001177856,0,34,4,10,0.318181818,-0.333333333,-0.635935325,0.009677574,0,0,-0.2,-0.166666667,-0.056818182
neighborhood,Burien,Lake Burien,0,,,,,1,3,0,-1,,,,,,-0.4,0
neighborhood,Burien,Old Burien,28,259725,-0.076208099,0.107142857,86,6,17,0.083333333,-0.176470588,0.240916192,-0.069409643,0.107142857,-68,-0.727272727,-0.575,-0.028606965
neighborhood,Burien,Salmon Creek,4,118500,-0.052,0,14,1,7,0,-0.666666667,0.23652604,-0.005255088,-0.25,40,-0.857142857,-0.695652174,-0.333333333
neighborhood,Burien,Seola Beach,0,,,,,0,0,,,,,,,,,
neighborhood,Burien,Sunnydale,31,246203,-0.072748137,0.096774194,59,14,39,0.24691358,-0.403846154,0.229232613,-0.072094313,0.096774194,-41,-0.5,-0.235294118,0.085236934
neighborhood,Burien,Three Tree Point,0,,,,,1,0,0.666666667,,,,,,,,
neighborhood,Des Moines,Central Des Moines,71,98802,-0.007616849,0.366197183,24,40,98,0.165975104,-0.366071429,-0.160974201,-0.006549303,0.03584004,7,-0.069767442,-0.209677419,-0.008443501
neighborhood,Des Moines,Downtown,18,249722,-0.001348403,0.333333333,19,24,47,0.171232877,-0.772151899,0.767905814,0.003389728,0.029535865,15,-0.2,-0.505263158,0.018690504
neighborhood,Des Moines,North Hill,0,,,,,0,0,,,,,,,,,
neighborhood,Des Moines,Pacific Ridge,25,90072,-0.005657064,0.48,23,7,25,0,5.25,0.640655738,-0.005657064,0.48,-2,0,1.083333333,-0.139534884
neighborhood,Des Moines,South Des Moines,26,84844,0.004486184,0.5,33,17,42,0.115384615,-0.469387755,-0.133847175,0.003436422,0.091836735,-2,-0.055555556,-0.20754717,-0.095624559
neighborhood,Des Moines,Woodmont,28,87787,0.014383209,0.642857143,7,16,51,0.150537634,-0.377777778,0.027854534,0.019338164,0.487301587,49,-0.304347826,0.243902439,-0.12887413
neighborhood,Des Moines,Woodmont Beach,13,99273,0.015335745,0.769230769,48,9,28,0,3.333333333,,,,,0.5,0.473684211,-0.323529412
neighborhood,Des Moines,Woodmont West,0,,,,,2,10,0.25,-1,,,,,-0.714285714,-0.230769231,-0.1
neighborhood,Des Moines,Zenith,21,235476,-0.001155774,0.285714286,39,19,35,0.155172414,-0.708333333,0.698715914,0.000104526,-0.047619048,-9,-0.321428571,-0.615384615,-0.030456329
neighborhood,Edmonds,Aurora Marketplace,46,147080,0.001474621,0.369565217,29,10,32,0.050847458,-0.292307692,0.044832314,-0.001015488,-0.045819398,-7,-0.523809524,-0.515151515,-0.012144668
neighborhood,Edmonds,Chase Lake,49,147618,-0.001724348,0.387755102,23,20,71,0.177966102,-0.125,-0.306143361,-0.002194272,0.048469388,2,0.25,0.163934426,0.104281891
neighborhood,Edmonds,Downtown,118,303025,-0.005451556,0.186440678,8,36,136,0.148148148,-0.048387097,-0.053812695,0.009873435,0.073537452,22,0,0.172413793,-0.085796806
neighborhood,Edmonds,Edmonds Bowl,19,355473,0.003569268,0.210526316,33,9,25,0.192307692,-0.173913043,-0.05371727,0.027996999,-0.09382151,23,0.125,-0.137931034,-0.141025641
neighborhood,Edmonds,Firdale,28,152989,-0.000239286,0.357142857,44,13,45,0.213333333,-0.461538462,0.102782383,0.000950694,-0.027472527,-16,-0.35,-0.134615385,0.120896359
neighborhood,Edmonds,Madrona,12,194583,0.004022989,0.5,6,4,15,0.136363636,-0.555555556,0.542950258,0.003202092,0.055555556,28,-0.5,-0.117647059,0.047474747
neighborhood,Edmonds,Maplewood,26,239409,-0.006048507,0.384615385,13,7,23,0.227272727,1,0.351951616,-0.12263918,-0.076923077,0,0.4,0.642857143,0.227272727
neighborhood,Edmonds,Meadowdale,45,229923,-0.000225868,0.2,15,25,95,0.266666667,0.323529412,0.339167458,-0.023123863,-0.594117647,-6,0.785714286,0.979166667,0.123809524
neighborhood,Edmonds,Olympic View,4,228400,-0.006524576,0,4,1,3,,-0.555555556,0.275763838,0.020096664,0,70,,0,
neighborhood,Edmonds,Perrinville,4,228400,-0.006524576,0,4,1,3,,-0.555555556,0.275763838,0.020096664,0,70,,0,
neighborhood,Edmonds,Port of Edmonds,106,362678,-0.000796115,0.179245283,7,33,125,0.150753769,-0.203007519,0.026236114,0.010150936,0.104057313,20,-0.083333333,0.10619469,-0.121135632
neighborhood,Edmonds,Seaview Park,10,217930,-0.029053906,0,46,2,3,0.333333333,2.333333333,,,,,,0,
neighborhood,Edmonds,South County Park,0,,,,,0,0,,,,,,,,,
neighborhood,Edmonds,Talbot Park,0,,,,,0,0,,,,,,,,,
neighborhood,Edmonds,Westgate,0,,,,,0,0,,,,,,,,,
neighborhood,Edmonds,Yost Park,22,162955,-0.002689684,0.545454545,28,12,41,0.295774648,-0.24137931,-0.185286104,-0.002992165,0.338557994,12,1,0.782608696,0.178127589
neighborhood,Everett,Bayside,22,141454,-0.011970425,0.136363636,77,10,34,0.295081967,-0.3125,-0.064389605,0.001868858,-0.238636364,-36,-0.333333333,0.214285714,0.226900149
neighborhood,Everett,Boulevard Bluffs,0,,,,,0,0,,,,,,,,,
neighborhood,Everett,Cascade View,14,170577,0.0198349,0.285714286,84,11,20,0.107692308,-0.222222222,1.142631043,0.00721773,-0.26984127,128,-0.083333333,-0.534883721,-0.109698997
neighborhood,Everett,Delta,18,219500,0.020638253,0.666666667,31,7,27,0.097560976,,,,,,,3.5,-0.175166297
neighborhood,Everett,Downtown,13,93076,0.080834926,0.461538462,100,3,15,0.35,0.083333333,0.168635821,-0.037434576,-0.538461538,-30,-0.5,1.5,0.266666667
neighborhood,Everett,Everett Mall South,20,199830,3.73E-05,0.15,42,7,25,0.363636364,-0.130434783,1.029307824,0.022396335,0.019565217,38,-0.222222222,0.136363636,0.305944056
neighborhood,Everett,Evergreen,58,85051,-0.015953171,0.189655172,59,13,37,0.25,2.625,0.20579854,-0.040837197,-0.622844828,10,-0.1875,-0.097560976,-0.079896907
neighborhood,Everett,Glacier View,3,,,,,2,4,0.333333333,,,,,,-0.6,0.333333333,0.020833333
neighborhood,Everett,Harborview-Seahurst-Glenhaven,16,201187,-0.014360674,0,97,4,3,0.363636364,1,0.230501529,-0.048843433,-0.5,-38,0,-0.823529412,0.132867133
neighborhood,Everett,Holly,27,252876,0.007882263,0.555555556,15,13,24,0.171052632,-0.205882353,0.364632745,0.004967722,0.14379085,11,0.625,0.5,-0.016447368
neighborhood,Everett,Lowell,0,,,,,0,0,,,,,,,,-1,
neighborhood,Everett,Northwest,6,172000,0.047741935,0.5,4,2,3,0.3,,,,,,,,
neighborhood,Everett,Northwest Everett,6,172000,0.047741935,0.5,4,3,10,0.157894737,1,,,,,,1.5,0.157894737
neighborhood,Everett,Pinehurst,10,166350,-0.019985181,0.3,47,8,23,0.255319149,0,-0.035400539,-0.004833666,0.3,-22,0.333333333,4.75,0.043197937
neighborhood,Everett,Port Gardner,13,114919,0.020456273,0.230769231,57,8,19,0.063829787,-0.071428571,0.004290908,0.056581628,0.230769231,-39,0.333333333,-0.05,-0.071305348
neighborhood,Everett,Riverside,3,,,,,2,10,0,-0.25,,,,,-0.333333333,0,-0.368421053
neighborhood,Everett,Silver Lake,56,210003,0.000829406,0.446428571,9,15,69,0.252747253,0.12,-0.130062138,0.002401211,0.046428571,6,0.363636364,0.468085106,0.127747253
neighborhood,Everett,South Forest Park,3,,,,,1,3,0.375,,,,,,,,
neighborhood,Everett,Valley View,0,,,,,0,0,,,,,,,,,
neighborhood,Everett,View Ridge-Madison,6,164475,0.010250569,0,155,5,4,0.366666667,-0.333333333,0.061129032,0.029237911,-0.333333333,-144,0.666666667,-0.733333333,0.366666667
neighborhood,Everett,Westmont,36,132357,-0.010132934,0.194444444,25,7,32,0,0.028571429,0.475420252,-0.004969307,-0.005555556,-13,-0.461538462,-0.304347826,0
neighborhood,Federal Way,Adelaide,0,,,,,1,3,,,,,,,,,
neighborhood,Federal Way,Alderbrook,0,,,,,0,0,,,,,,,,,
neighborhood,Federal Way,Buenna,0,,,,,0,0,,,,,,,,,
neighborhood,Federal Way,Campus Highlands,0,,,,,0,0,,,,,,,,,
neighborhood,Federal Way,Enchanted Village,7,186714,0.032062026,0.428571429,27,2,0,0.583333333,0,0.320868439,0.032062026,0.428571429,-8,,-1,0.583333333
neighborhood,Federal Way,Lakota,16,109856,9.64E-05,0.1875,30,5,7,0.148148148,,,,,,-0.166666667,0.4,0.092592593
neighborhood,Federal Way,Laurelwood,0,,,,,0,0,,,,,,,,,
neighborhood,Federal Way,Madrona,0,,,,,0,0,,,,,,,,,
neighborhood,Federal Way,Marine Hills,7,273571,-0.016121809,0,13,4,14,0.238095238,,,,,,,0.4,-0.223443223
neighborhood,Federal Way,Mirror Lake,35,71000,-0.05082591,0.2,18,7,14,0.179487179,10.66666667,,,,,0.166666667,0.272727273,-0.020512821
neighborhood,Federal Way,Redondo,21,89592,-0.002964669,0.380952381,6,14,48,0.231707317,-0.5,0.035243003,0.003926801,0.214285714,53,-0.363636364,0.142857143,-0.044412086
neighborhood,Federal Way,Steel Lake,6,74650,-0.024422302,0,63,3,7,0.176470588,-0.4,0.175590551,-0.008534452,0,-18,-0.5,-0.5,-0.217468806
neighborhood,Federal Way,Twin Lakes,27,141659,-0.025200051,0.148148148,29,16,51,0.193877551,-0.181818182,1.223601802,-0.031573706,-0.154882155,21,0.777777778,1.55,0.045729403
neighborhood,Federal Way,West Campus,42,67624,-0.048202264,0.166666667,26,22,74,0.236641221,-0.263157895,-0.304122332,-0.058423749,-0.324561404,-5,-0.214285714,-0.051282051,0.027060383
neighborhood,Issaquah,Gilman,47,188751,0.00059785,0.382978723,7,9,38,0.072727273,1.043478261,0.063649581,0.018174318,0.122109158,5,-0.1,-0.173913043,-0.047962382
neighborhood,Issaquah,Issaquah Highlands,94,411354,0,0.563829787,5,33,113,0.308080808,0.205128205,0.243727003,-0.002648633,-0.01309329,27,-0.057142857,-0.11023622,0.182476943
neighborhood,Issaquah,Montreux,0,,,,,5,10,0.208333333,,,,,,,1.5,-0.458333333
neighborhood,Issaquah,Newport,22,282827,-0.001750751,0.318181818,21,8,33,0.16,0.692307692,0.186051388,-0.007212745,-0.22027972,-9,0.333333333,0.434782609,0.0975
neighborhood,Issaquah,North Issaquah,23,281434,-0.003213745,0.260869565,6,9,43,0.240740741,-0.258064516,-0.05945693,-0.00644488,-0.41654979,0,-0.181818182,0.075,0.195964621
neighborhood,Issaquah,Olde Town,19,215536,0.003082844,0.684210526,13,7,32,0.153846154,-0.173913043,-0.19082462,0.003168316,0.423340961,-4,-0.3,0.066666667,0.066126856
neighborhood,Issaquah,Providence Point,67,262979,-0.002309879,0.194029851,7,23,116,0.192857143,-0.43697479,0.221249582,0.011897227,0.059576069,33,-0.43902439,0.171717172,0.107491289
neighborhood,Issaquah,Squak Mountain,6,281800,0.019175625,1,6,2,11,0.230769231,0.5,0.043703704,-0.060824375,0,-2,,2.666666667,-0.169230769
neighborhood,Issaquah,Sycamores,3,,,,,1,4,0,-0.727272727,,,,,,-0.428571429,
neighborhood,Issaquah,Talus,25,376740,-0.000119658,0.28,4,15,73,0.195402299,0,0.054647149,-0.016647223,-0.48,0,0.363636364,0.303571429,-0.013552925
neighborhood,Kenmore,Inglewood,36,264805,-0.003454193,0.222222222,28,12,38,0.175675676,-0.12195122,0.169726392,-0.001571148,0.075880759,-14,-0.142857143,-0.344827586,0.012884978
neighborhood,Kenmore,Kenmore,47,259770,-0.002542867,0.170212766,31,17,56,0.298076923,0,0.307301706,-0.003792118,-0.021276596,-7,0.0625,-0.081967213,0.159779051
neighborhood,Kirkland,Bridle Trails,3,,,,,0,0,,,,,,,,,
neighborhood,Kirkland,Central Houghton,7,329428,0.028728218,1,4,5,21,0.1,-0.5625,-0.023517764,0.027325634,0.4375,6,-0.444444444,4.25,0.045454545
neighborhood,Kirkland,Downtown,7,749142,-0.005549727,0.428571429,114,5,18,0.266666667,0,0.173679469,0.026301717,0.428571429,-104,,1.571428571,-0.033333333
neighborhood,Kirkland,Everest,4,525000,0.011560694,1,3,3,15,0.3125,-0.6,1.35510497,0.005787273,0.7,27,-0.4,0.071428571,0.090277778
neighborhood,Kirkland,Feriton,142,529587,-0.001864501,0.38028169,7,46,186,0.149635036,-0.034013605,0.160545312,0.002582919,0.06735652,9,-0.148148148,0.55,-0.044211117
neighborhood,Kirkland,Finn Hill,44,247750,-0.014360492,0.159090909,12,16,46,0.290322581,0.257142857,-0.027317556,-0.025155933,-0.269480519,-7,0.142857143,-0.192982456,0.216248507
neighborhood,Kirkland,Firloch,0,,,,,3,12,0.166666667,-1,,,,,-0.5,-0.47826087,0.037634409
neighborhood,Kirkland,Highlands,6,472500,0.007030604,0.5,152,3,13,0.388888889,-0.454545455,0.158863651,-0.029989598,-0.136363636,-121,,0.857142857,0.388888889
neighborhood,Kirkland,Juanita,133,255438,0.000385579,0.436090226,14,51,192,0.179153094,0.007575758,0.066600414,-0.023047259,-0.124515835,-8,0.457142857,0.432835821,0.126012998
neighborhood,Kirkland,Lake Park,0,,,,,2,0,0.5,-1,,,,,,-1,0
neighborhood,Kirkland,Lakeview,41,740364,-0.010575376,0.146341463,25,24,68,0.180555556,-0.046511628,0.143112121,-0.006879122,-0.179239932,-4,0.263157895,0.133333333,0.024033816
neighborhood,Kirkland,Market,10,574900,0.029402839,0.6,43,7,25,0.279069767,-0.375,0.126014079,0.067371293,0.6,-28,0.75,0.923076923,0.159069767
neighborhood,Kirkland,Moss Bay,170,501521,0.001602342,0.376470588,8,39,165,0.181034483,0.268656716,0.204626629,0.018858538,0.077963126,4,-0.113636364,0.41025641,0.009931821
neighborhood,Kirkland,Norkirk,6,795000,0,0.5,0,3,16,0.166666667,-0.571428571,1.373191002,0.000897277,0.214285714,24,-0.4,-0.272727273,-0.055555556
neighborhood,Kirkland,North Juanita,35,243171,-0.014740623,0.2,15,14,50,0.302325581,-0.054054054,-0.039218165,-0.073352807,-0.52972973,-11,0.555555556,0.020408163,0.302325581
neighborhood,Kirkland,North Rose Hill,45,343796,-0.002948469,0.377777778,8,14,64,0.228915663,-0.134615385,0.216813314,-0.012731877,-0.237606838,-2,-0.066666667,-0.044776119,0.113973134
neighborhood,Kirkland,Oskams Corner,28,290874,-0.00013243,0.321428571,39,11,32,0.253968254,0.076923077,0.136826061,-0.00357524,-0.101648352,-35,0.833333333,0.391304348,0.132756133
neighborhood,Kirkland,South Juanita,104,256910,-0.000785303,0.490384615,16,40,154,0.133891213,0.06122449,0.118790064,-0.012223893,-0.050431711,-9,0.481481481,0.673913043,0.065141213
neighborhood,Kirkland,South Rose Hill,9,208555,-0.005811258,0,40,5,10,0.586206897,-0.1,-0.047694064,0.042120959,-0.4,6,0.25,0.666666667,0.412293853
neighborhood,Kirkland,Sweetbriar,0,,,,,0,0,,,,,,,,,
neighborhood,Kirkland,Totem Lake,51,189315,-0.001225986,0.490196078,4,19,83,0.203539823,0.040816327,0.227707812,-0.065733507,-0.305722289,0,0,0.121621622,0.105325537
neighborhood,Lynnwood,Alderwood Manor,49,249505,-0.0013774,0.265306122,97,16,50,0.294736842,-0.371794872,-0.064841364,-0.004184605,-0.439822083,-51,-0.058823529,-0.074074074,0.265325077
neighborhood,Lynnwood,Beverly Acres,6,294500,-0.014634505,0,6,2,6,0.25,1,,,,,,,0.25
neighborhood,Lynnwood,Cedar Valley,0,,,,,2,4,0.25,-1,,,,,,-0.636363636,-0.25
neighborhood,Lynnwood,Dale Way Neighborhood Park,3,,,,,1,4,0,,,,,,,,
neighborhood,Lynnwood,Floral Hills,10,283900,-0.005402947,0,10,2,4,0.4,1.5,0.183409754,-0.005402947,0,3,,0.333333333,
neighborhood,Lynnwood,Lake Serene,16,175975,-0.013634842,0,44,8,29,0.16,-0.157894737,0.092768077,-0.0159302,-0.315789474,-29,1,0.8125,0.029565217
neighborhood,Lynnwood,Logan Park,3,,,,,1,4,0.666666667,,,,,,,,
neighborhood,Lynnwood,Lynndale Park,6,208750,-0.040034415,0,104,2,0,0.444444444,,,,,,,,
neighborhood,Lynnwood,Martha Lake,71,309629,-0.000366144,0.225352113,31,25,90,0.326666667,0.868421053,0.641549146,-0.007968066,-0.300963677,1,0.666666667,0.428571429,0.226666667
neighborhood,Lynnwood,Seattle Heights,57,172642,0,0.245614035,11,25,77,0.25,-0.304878049,-0.131046215,0.000668765,-0.059264014,5,0.041666667,0.040540541,0.092465753
neighborhood,Medina,Hunts Point,0,,,,,0,0,,,,,,,,,
neighborhood,Mercer Island,Beaumont,0,,,,,0,0,,-1,,,,,,-1,
neighborhood,Mercer Island,East Seattle,0,,,,,0,0,,,,,,,,,
neighborhood,Mercer Island,First Hill,0,,,,,0,0,,,,,,,,,
neighborhood,Mercer Island,Fortuna,0,,,,,1,3,,,,,,,,,
neighborhood,Mercer Island,McGilvara,0,,,,,0,0,,,,,,,,,
neighborhood,Mercer Island,Mercer Heights,0,,,,,0,0,,,,,,,,,
neighborhood,Mercer Island,Mercerwood,0,,,,,0,0,,,,,,,,,
neighborhood,Mercer Island,Pioneer Park,0,,,,,0,0,,,,,,,,,
neighborhood,Mercer Island,South End,0,,,,,0,0,,,,,,,,,
neighborhood,Mercer Island,The Lakes,0,,,,,0,0,,,,,,,,,
neighborhood,Mountlake Terrace,East Terrace,17,177405,0.000399771,0.411764706,11,5,17,0.266666667,0.416666667,0.720991822,-0.006991533,-0.088235294,30,0.666666667,3.25,0.266666667
neighborhood,Mountlake Terrace,Gateway,8,312400,0,0,0,0,0,,,,,,,,,
neighborhood,Mountlake Terrace,Lake Ballinger,17,139785,-0.021138863,0,42,9,29,0.196428571,0,-0.243198614,-0.039387172,-0.235294118,-39,0.285714286,0.45,0.077380952
neighborhood,Mountlake Terrace,Town Center,7,132835,-0.047327881,0,28,2,10,0,1.333333333,,,,,,0.666666667,0
neighborhood,Newcastle,May Creek,42,209190,-0.008310198,0.333333333,13,9,45,0.173076923,-0.086956522,-0.36968751,-0.012026472,-0.166666667,-6,-0.470588235,-0.296875,0.093076923
neighborhood,Normandy Park,Highline,14,57142,-0.04833669,0.214285714,30,10,17,0.233333333,2.5,0.14284,-0.04833669,0.214285714,-26,0.25,-0.15,-0.043262411
neighborhood,Normandy Park,Woodside Park,0,,,,,0,0,,,,,,,,,
neighborhood,Redmond,Bear Creek,2,,,,,0,0,,,,,,,,-1,
neighborhood,Redmond,Downtown,55,428134,0.023996713,0.6,8,15,72,0.126436782,0.037735849,0.320235841,-0.028710848,-0.211320755,0,-0.0625,0.2,-0.001222793
neighborhood,Redmond,Education Hill,70,236701,0.006584882,0.5,17,32,107,0.216931217,-0.135802469,0.025865394,-0.006255119,-0.080246914,-6,0.777777778,0.188888889,0.007840308
neighborhood,Redmond,English Hill,9,597555,0.008724001,1,124,2,6,0,,,,,,,-0.25,0
neighborhood,Redmond,Grass Lawn,97,234007,0.00174325,0.402061856,13,21,77,0.225806452,0.515625,0.232835648,-0.005587579,-0.191688144,-7,0,-0.06097561,0.145806452
neighborhood,Redmond,Idylwood,32,280151,-0.001946534,0.28125,43,6,19,0.371428571,-0.219512195,-0.161211994,-0.003487782,0.134908537,10,-0.647058824,-0.558139535,0.181428571
neighborhood,Redmond,North Redmond,0,,,,,0,0,,,,,,,,-1,
neighborhood,Redmond,Overlake,61,307402,-7.46E-05,0.459016393,19,12,46,0.185714286,0.196078431,-0.05783518,-0.000448081,0.262937962,7,-0.4,-0.220338983,-0.010866911
neighborhood,Redmond,River Trail,22,444754,0.037408107,0.863636364,5,6,30,0.117647059,0.222222222,0.139486205,0.014834829,-0.136363636,0,0.2,1.142857143,0.022408964
neighborhood,Redmond,Rose Hill / Willows,22,373113,-0.011018309,0.136363636,10,12,52,0.178082192,-0.24137931,0.542012275,-0.017784897,-0.20846395,13,0.333333333,0.368421053,0.068991283
neighborhood,Redmond,Sammamish Valley,6,437371,0,1,0,0,0,,-0.857142857,0.002594908,-0.000187326,0.166666667,0,-1,-1,
neighborhood,Redmond,Southeast Redmond,32,412636,-0.007821664,0.4375,7,6,25,0.305555556,2.2,0.344091205,-0.035079672,-0.1625,-5,0.5,0.25,
neighborhood,Redmond,Valley View,16,460628,0.018390977,0.625,6,3,10,0.222222222,0.6,0.228341333,-0.023279952,0.025,-2,,1.5,
neighborhood,Redmond,Willow-Rose Hill,22,373113,-0.011018309,0.136363636,10,12,52,0.178082192,-0.24137931,0.542012275,-0.017784897,-0.20846395,13,0.333333333,0.368421053,0.068991283
neighborhood,Renton,Boulevard Lane,16,187812,-0.011048922,0,34,7,19,0.146341463,0.6,-0.267974977,-0.011590808,-0.3,-28,1.333333333,0.357142857,-0.053658537
neighborhood,Renton,Briarwood,0,,,,,0,0,,,,,,,,,
neighborhood,Renton,Candlewood Ridge,32,136734,-0.004013054,0.1875,90,14,60,0.204819277,-0.346938776,0.090669793,-0.023329401,-0.159438776,-74,-0.391304348,-0.130434783,-0.009995538
neighborhood,Renton,Carriage Wood,3,,,,,3,3,0.277777778,-0.571428571,,,,,-0.4,-0.571428571,0.277777778
neighborhood,Renton,Cascade,6,71000,0.02173913,0.5,13,4,14,0.142857143,-0.142857143,0.05821683,0.02173913,0.5,6,0,0,-0.19047619
neighborhood,Renton,Cascade Vista,10,99400,0.004347826,0.3,13,5,24,0.193548387,-0.6,-0.143694004,0.001726521,-0.06,34,-0.444444444,0.142857143,-0.061353574
neighborhood,Renton,Downtown,4,250000,-0.038091574,0,158,2,6,0,-0.333333333,0.219512195,0.008420054,0,-95,,-0.142857143,-0.428571429
neighborhood,Renton,Emerald Crest,6,180000,-0.001116769,0.5,12,5,14,0.125,-0.4,0.309090909,-0.026210558,0.1,-5,0.666666667,0.166666667,-0.025
neighborhood,Renton,Fairwood Firs,3,,,,,3,3,0.25,-0.571428571,,,,,-0.4,-0.5,0.25
neighborhood,Renton,Highlands Park,9,68888,0.13391311,0.666666667,32,10,19,0.435483871,-0.742857143,0.101062895,0.13308898,0.266666667,21,-0.166666667,-0.634615385,0.254928315
neighborhood,Renton,Kennydale,20,245172,-0.006784438,0,28,6,8,0.216216216,2.333333333,1.709082873,-0.092262986,-0.5,102,-0.142857143,-0.692307692,0.062370062
neighborhood,Renton,Liberty Ridge,0,,,,,0,0,,,,,,,,,
neighborhood,Renton,Maple Valley Heights,0,,,,,0,0,,,,,,,,,
neighborhood,Renton,Maplewood Heights,4,344950,0,1,113,3,9,0.210526316,,,,,,,2,
neighborhood,Renton,Northwest Spring Glen,76,105731,-0.001308105,0.289473684,17,24,78,0.165517241,0.461538462,0.258777308,0.000696492,0.020242915,28,0.263157895,0.2,0.006225206
neighborhood,Renton,Renton Park,4,97000,-0.076146483,0,31,0,0,,0,0.515625,-0.219003626,-1,7,,-1,
neighborhood,Renton,Southeast Spring Glen,46,147565,-0.01881749,0.152173913,26,16,50,0.231578947,1.875,-0.397068798,-0.016837749,-0.222826087,-19,0.230769231,-0.038461538,-0.054135338
neighborhood,Renton,Southwest Spring Glen,57,197563,0.002943529,0.298245614,19,20,74,0.3,0.295454545,-0.00569217,0.004797212,-0.06539075,-6,0,-0.086419753,0.03553719
neighborhood,Renton,Springbrook,27,212950,0.016162351,0.37037037,23,11,43,0.303030303,-0.289473684,0.077742182,0.018308721,0.028265107,-1,0.1,0,0.08269132
neighborhood,Renton,Talbot Hill,27,212950,0.016162351,0.37037037,23,11,43,0.303030303,-0.289473684,0.077742182,0.018308721,0.028265107,-1,0,-0.065217391,0.106060606
neighborhood,Sammamish,Aldarra Estates,0,,,,,0,0,,,,,,,,,
neighborhood,Sammamish,Sahalee,6,364500,0.014285714,1,16,3,14,0.176470588,0.5,0.55106383,0.171991807,1,13,,,
neighborhood,Seatac,Seattle-Tacoma International Airport,35,57614,-0.012890874,0.342857143,15,32,75,0.3,-0.3,-0.499248186,-0.008823078,0.342857143,33,0,-0.050632911,0.052631579
neighborhood,Seattle,Adams,176,371791,0.014115371,0.613636364,6,54,216,0.143302181,-0.053763441,0.148534641,0.014115371,0.312561095,0,0.173913043,-0.01369863,-0.022762801
neighborhood,Seattle,Admiral,62,414108,-0.000782842,0.258064516,49,36,115,0.246511628,0.087719298,0.134505167,0.02352153,0.152801358,-16,-0.052631579,-0.141791045,0.109947751
neighborhood,Seattle,Alki,24,385006,-0.002623662,0,18,21,58,0.224,1.666666667,0.028833615,-0.002623662,0,7,0.105263158,0.288888889,-0.163387387
neighborhood,Seattle,Allentown,0,,,,,1,7,0,-1,,,,,,,-0.272727273
neighborhood,Seattle,Arbor Heights,0,,,,,0,0,,,,,,,,,
neighborhood,Seattle,Atlantic,69,336304,-0.002245164,0.434782609,6,27,93,0.201219512,-0.469230769,0.124852831,-0.002245164,0.050167224,21,-0.386363636,-0.154545455,0.113096907
neighborhood,Seattle,Ballard,260,422842,0.01143407,0.596153846,6,79,339,0.158227848,-0.047619048,0.158506147,0.01143407,0.240842491,1,0.128571429,0.097087379,0.012294834
neighborhood,Seattle,Beacon Hill,120,283947,-0.004285714,0.158333333,11,26,88,0.102564103,0.714285714,0.070621416,-0.012903693,-0.270238095,1,-0.1875,-0.290322581,-0.077330077
neighborhood,Seattle,Belltown,315,390926,0,0.228571429,11,111,358,0.257871064,0.357758621,-0.002233277,0.003331101,-0.081773399,1,0.047169811,-0.008310249,0.086487417
neighborhood,Seattle,Bitter Lake,46,130400,-0.001144309,0.152173913,26,22,80,0.129770992,0.916666667,0.123982899,-0.005009116,-0.18115942,-14,0.047619048,0.194029851,-0.193063653
neighborhood,Seattle,Briarcliff,0,,,,,0,0,,,,,,,,,
neighborhood,Seattle,Broadmoor,0,,,,,0,0,,,,,,,,,
neighborhood,Seattle,Broadview,3,,,,,4,22,0.125,-0.833333333,,,,,-0.555555556,-0.388888889,-0.110294118
neighborhood,Seattle,Broadway,242,334230,0,0.318181818,9,68,286,0.184729064,-0.182432432,-0.006344317,-0.001146298,-0.178439803,-2,-0.170731707,-0.046666667,0.016372066
neighborhood,Seattle,Bryant,15,385926,0,0.466666667,13,7,23,0.256410256,0.666666667,-0.120897494,0,0.133333333,0,1.333333333,0.533333333,0.056410256
neighborhood,Seattle,Bryn Mawr,0,,,,,0,0,,,,,,,,,
neighborhood,Seattle,Capitol Hill,307,336617,0,0.332247557,9,94,394,0.171122995,-0.174731183,0.00293775,-0.000685686,-0.151623411,-2,-0.168141593,-0.08372093,0.007164354
neighborhood,Seattle,Cascade,123,418964,0.000111286,0.382113821,7,42,166,0.200787402,-0.145833333,0.240382509,9.66E-05,-0.006775068,3,-0.16,0.057324841,0.012235213
neighborhood,Seattle,Cedar Park,26,299651,-0.001548787,0.307692308,133,7,27,0.166666667,0.083333333,0.399277132,-0.004260625,-0.108974359,-128,-0.222222222,0.35,0.05952381
neighborhood,Seattle,Central Business District,50,677500,-0.02999732,0,50,27,64,0.231707317,0.219512195,0.275075705,-0.008823173,0,49,-0.205882353,-0.044776119,0.147963475
neighborhood,Seattle,Central District,108,342657,0,0.277777778,11,46,157,0.162454874,-0.325,0.24107919,-0.001118659,-0.165972222,4,-0.132075472,-0.137362637,0.080950171
neighborhood,Seattle,Cherry Hill,71,335732,-0.001855644,0.267605634,11,30,118,0.177777778,-0.065789474,0.131187752,-0.022138683,-0.29818384,-6,0.111111111,-0.125925926,0.078398896
neighborhood,Seattle,Columbia City,32,324406,-0.002805267,0.1875,16,11,30,0.060606061,0.230769231,0.012737024,0.004674092,0.072115385,2,0.571428571,-0.090909091,-0.093240093
neighborhood,Seattle,Crown Hill,12,304000,-0.009230769,0,18,7,21,0.307692308,-0.4,-0.123982422,-0.015494052,-0.2,0,0.166666667,-0.192307692,-0.025641026
neighborhood,Seattle,Delridge,151,292072,0,0.417218543,8,62,210,0.161290323,0.438095238,0.115165955,-7.76E-05,0.036266162,5,0.215686275,0.186440678,-0.022920204
neighborhood,Seattle,Denny Blaine,0,,,,,0,0,,,,,,,,,
neighborhood,Seattle,Denny Regrade,277,406877,0,0.227436823,11,110,345,0.244680851,0.276497696,0.043831069,0.006463583,-0.039844283,-1,0.057692308,-0.052197802,0.039880851
neighborhood,Seattle,Denny Triangle,368,401572,0,0.222826087,11,171,637,0.204280156,0.230769231,0.055365895,0.002324365,-0.125,0,0.379032258,0.428251121,0.020387538
neighborhood,Seattle,Downtown,596,395607,0,0.206375839,12,285,"1,000",0.214619883,0.126654064,0.077182167,0.002102072,-0.099862346,-1,0.144578313,0.240694789,0.048400044
neighborhood,Seattle,Dunlap,0,,,,,5,3,0.37037037,-1,,,,,0.25,-0.75,0.078703704
neighborhood,Seattle,Eastlake,69,521495,9.92E-05,0.289855072,7,32,118,0.163157895,-0.158536585,0.381557161,9.35E-05,-0.027218098,5,-0.03030303,0.216494845,-0.026842105
neighborhood,Seattle,East Queen Anne,76,348267,-0.003544789,0.236842105,8,35,132,0.240566038,-0.344827586,-0.023504837,0.002671202,0.055807623,4,-0.239130435,0.007633588,0.039127189
neighborhood,Seattle,Fairmount Park,22,227840,-0.007103555,0.136363636,41,18,52,0.314285714,-0.405405405,-0.031580737,0.016647768,0.028255528,-14,0.384615385,0.268292683,0.080519481
neighborhood,Seattle,Fauntleroy,10,396500,-0.005264149,0.3,112,6,14,0.441176471,-0.090909091,0.213113249,0.017072726,0.3,-58,0,-0.176470588,0.441176471
neighborhood,Seattle,First Hill,75,359392,-0.002091503,0.186666667,6,27,121,0.141975309,0.086956522,0.192072574,-0.001010336,-0.045217391,10,-0.068965517,0.174757282,-0.056888328
neighborhood,Seattle,Fremont,139,407933,0,0.366906475,5,26,114,0.124183007,0.007246377,0.037540726,0,-0.002658743,1,-0.161290323,-0.179856115,-0.053236348
neighborhood,Seattle,Gatewood,23,272891,-0.018399857,0.304347826,26,13,44,0.146666667,-0.394736842,-0.309596395,-0.023233438,0.014874142,-23,0,-0.2,0.066666667
neighborhood,Seattle,Genesee,62,390274,0,0.338709677,12,8,27,0.234042553,0.771428571,0.070504978,0.012654971,0.167281106,15,-0.428571429,-0.357142857,0.159968479
neighborhood,Seattle,Georgetown,4,319500,0,0,5,1,3,,,,,,,,0.5,
neighborhood,Seattle,Greater Duwamish,128,292096,-0.004553571,0.1484375,11,29,95,0.111111111,0.72972973,0.095971004,-0.008947248,-0.256967905,7,-0.09375,-0.2578125,-0.044329303
neighborhood,Seattle,Green Lake,20,416650,0.034864991,0.55,6,8,37,0.191489362,-0.2,0.372093789,0.023035141,0.11,14,0,0.088235294,0.066489362
neighborhood,Seattle,Greenwood,94,306170,0.005428149,0.340425532,7,40,133,0.356846473,-0.030927835,0.104409775,0.002417648,-0.154419829,1,0.290322581,0.047244094,0.163298086
neighborhood,Seattle,Haller Lake,18,182088,0.006940204,0.555555556,47,8,35,0.36,-0.6,-0.370484458,0.003707254,0.044444444,-32,-0.555555556,-0.46969697,0.201121495
neighborhood,Seattle,Hawthorne Hills,7,425571,0.014693878,0.571428571,3,3,9,0.1875,-0.3,0.113768647,0.013324295,0.171428571,3,0,-0.25,0.011029412
neighborhood,Seattle,Highland Park,0,,,,,1,0,0,-1,,,,,-0.75,-1,-0.130434783
neighborhood,Seattle,High Point,71,300070,0,0.366197183,6,31,101,0.152173913,0.510638298,-0.025522117,-9.36E-06,-0.01678154,29,0.24,0.507462687,-0.09124714
neighborhood,Seattle,Hillman City,0,,,,,2,6,0,,,,,,,,0
neighborhood,Seattle,Holly Park,17,276482,-0.019863543,0,25,6,19,0.081081081,1.428571429,0.020767416,-0.047672475,-1,-20,1,0.9,-0.076813656
neighborhood,Seattle,Industrial District,7,311428,-0.022398971,0.428571429,24,6,19,0.4,0,0.443707872,0.034789454,0,46,0.5,0.583333333,0.122222222
neighborhood,Seattle,Interbay,27,424764,0.034454328,0.888888889,6,7,30,0.075,1.7,0.453178242,0.03254551,0.488888889,16,-0.363636364,0,-0.147222222
neighborhood,Seattle,International District,12,198500,0,0.333333333,89,6,12,0.545454545,,,,,,1,1,
neighborhood,Seattle,Judkins Park,88,340136,-0.001242898,0.454545455,7,37,128,0.188340807,-0.439490446,0.241290718,-0.001242898,0.085118703,16,-0.26,0.024,0.09069771
neighborhood,Seattle,Junction,76,362642,-0.001052632,0.236842105,14,10,33,0.192982456,0.381818182,0.190500734,0.010086473,0.018660287,12,-0.444444444,-0.440677966,0.111164274
neighborhood,Seattle,Lake City,76,273584,-0.000901755,0.302631579,27,24,86,0.163120567,0.169230769,0.272430456,-0.000901755,-0.06659919,-19,0,0.178082192,0.064529018
neighborhood,Seattle,Lakeridge,0,,,,,1,3,,,,,,,,,
neighborhood,Seattle,Lake Union,138,451863,0,0.311594203,8,51,205,0.198051948,-0.109677419,0.284175974,0.000729745,-0.04969612,4,-0.072727273,0.234939759,-0.024839618
neighborhood,Seattle,Laurelhurst,0,,,,,0,0,,,,,,,,-1,
neighborhood,Seattle,Laurelhurst / Sandpoint,0,,,,,1,4,0,-1,,,,,-0.75,-0.733333333,-0.318181818
neighborhood,Seattle,Lawton Park,48,365937,0.002557587,0.375,6,22,100,0.231343284,-0.323943662,-0.066151345,0.002557587,0.23415493,3,-0.290322581,-0.074074074,0.032418552
neighborhood,Seattle,Leschi,20,387500,-0.001676628,0.5,6,17,50,0.222222222,-0.375,0.1417005,-0.000995479,0.28125,17,0.7,1.631578947,-0.088122605
neighborhood,Seattle,Licton Springs,142,364792,0.000144005,0.436619718,7,24,97,0.204225352,0.75308642,0.060195303,-0.018893471,-0.118935837,1,-0.04,-0.177966102,0.030892019
neighborhood,Seattle,Lower Queen Anne,172,382575,4.88E-06,0.337209302,9,64,219,0.264397906,-0.113402062,0.208611207,-0.000717046,0.094941261,-1,0.049180328,-0.060085837,0.10678921
neighborhood,Seattle,Loyal Heights,4,365000,-0.049479167,0,165,3,15,0,-0.428571429,0.220156314,-0.08378225,-1,-160,-0.4,0,-0.125
neighborhood,Seattle,Madison Park,6,697500,-0.019302394,0,41,10,26,0.163934426,-0.785714286,0.439949462,-0.014418461,-0.214285714,-23,-0.473684211,-0.617647059,0.024803991
neighborhood,Seattle,Madison Valley,20,476900,0.003153252,0.65,7,5,30,0.225806452,-0.2,0.461126498,0.011225912,0.13,7,-0.375,-0.285714286,0.161976664
neighborhood,Seattle,Madrona,3,,,,,1,7,0,,,,,,,,
neighborhood,Seattle,Madrona Valley,60,493070,-0.000828027,0.4,9,18,83,0.277777778,0.333333333,0.356701235,-0.000605045,-0.022222222,4,0.2,0.0375,0.169082126
neighborhood,Seattle,Magnolia,93,418956,0.006124927,0.516129032,5,34,142,0.169154229,-0.010638298,0.049652,0.0070636,0.367192862,2,-0.291666667,-0.1125,-0.007316359
neighborhood,Seattle,Mann,46,501202,0.002551146,0.52173913,5,15,74,0.213483146,0.314285714,0.197329193,-0.000630951,0.150310559,2,0.666666667,0.450980392,0.159911717
neighborhood,Seattle,Maple Leaf,61,207333,0.000849866,0.37704918,12,10,54,0.049180328,0.742857143,0.450185354,0.000767278,-0.02295082,-2,-0.285714286,0,-0.125238277
neighborhood,Seattle,Matthews Beach,0,,,,,0,0,,,,,,,,,
neighborhood,Seattle,Meadowbrook,0,,,,,3,13,0.176470588,,,,,,,,
neighborhood,Seattle,Mid-Beacon Hill,10,244300,-0.0346224,0,31,2,8,0.214285714,0.428571429,-0.15786208,-0.056492655,-1,-19,,0.142857143,0.214285714
neighborhood,Seattle,Minor,55,373509,-0.002779851,0.272727273,17,24,90,0.2,0,0.330117624,-0.02247908,-0.254545455,-11,0.043478261,-0.189189189,0.104411765
neighborhood,Seattle,Montlake,0,,,,,2,9,0.333333333,,,,,,-0.666666667,-0.571428571,0.225225225
neighborhood,Seattle,Mount Baker,7,346928,0.049522716,1,4,4,14,0,0,-0.00471353,0.071328101,0.571428571,23,0.333333333,0.555555556,-0.235294118
neighborhood,Seattle,North Beach,4,365000,-0.049479167,0,165,1,3,,,,,,,,,
neighborhood,Seattle,North Beacon Hill,93,301193,-0.000719511,0.204301075,10,18,61,0.095238095,0.660714286,0.140653581,-0.001294849,-0.08141321,22,-0.307692308,-0.413461538,-0.076736427
neighborhood,Seattle,North Capitol Hill,4,525000,0.009615385,1,5,4,11,0.15,-0.75,-0.06122595,0.013656633,1,24,-0.636363636,-0.633333333,-0.111538462
neighborhood,Seattle,North College Park,135,367186,0.000168657,0.437037037,5,21,87,0.198412698,1.213114754,0.073156903,-0.02112265,-0.136733455,3,0.166666667,-0.043956044,0.016594517
neighborhood,Seattle,North Delridge,49,308853,0.002568683,0.612244898,10,21,75,0.126984127,0.484848485,0.42270221,0.000968904,0.127396413,-5,1.625,0.829268293,0.126984127
neighborhood,Seattle,Northeast Seattle,128,300531,-0.000227784,0.40625,6,40,170,0.147058824,-0.092198582,0.1993511,0.001978927,0.150930851,9,-0.215686275,-0.162561576,-0.049019608
neighborhood,Seattle,Northgate,240,324356,0.000250252,0.458333333,6,48,207,0.199300699,0.454545455,0.213117207,-0.005734191,-0.014393939,2,-0.225806452,-0.22761194,0.019193172
neighborhood,Seattle,North Queen Anne,78,305080,-0.003243945,0.358974359,11,20,80,0.258333333,0.2,-0.174044173,-0.002678113,0.158974359,2,-0.130434783,-0.120879121,0.065740741
neighborhood,Seattle,North Seattle,163,231692,0.00028747,0.392638037,7,43,171,0.159533074,0.314516129,0.323069719,0.00028747,0.037799327,0,-0.156862745,-0.070652174,0.014318552
neighborhood,Seattle,Northwest Seattle,351,327367,0,0.373219373,7,113,436,0.238586156,0.17,0.160851188,-0.002887465,-0.09011396,2,-0.025862069,-0.062365591,0.028514214
neighborhood,Seattle,Olympic Hills,26,241973,-0.002100494,0.230769231,13,7,23,0.102564103,-0.071428571,0.082827659,-0.005188411,-0.162087912,5,-0.125,-0.233333333,0.041339613
neighborhood,Seattle,Olympic Manor,0,,,,,0,0,,-1,,,,,,-1,
neighborhood,Seattle,Phinney Ridge,39,343839,0.001596642,0.307692308,6,11,42,0.151515152,0.054054054,0.456346332,0.006544768,0.091476091,5,-0.153846154,-0.236363636,-0.082251082
neighborhood,Seattle,Pike Place,47,519372,-0.021971453,0.212765957,11,27,80,0.167701863,0.02173913,0.152344417,-0.001701225,0.060592044,5,-0.1,-0.08045977,-0.013616818
neighborhood,Seattle,Pinehurst,32,216800,0.01353209,0.5625,6,9,34,0.211538462,0.185185185,0.346583851,0.008473038,0.229166667,36,-0.307692308,-0.46875,0.016733267
neighborhood,Seattle,Pioneer Square,9,475777,-0.001427248,0.333333333,7,6,10,0.347826087,0.285714286,0.227586687,0.008956012,-0.095238095,-5,-0.142857143,-0.411764706,0.226613966
neighborhood,Seattle,Portage Bay,12,370500,0.00375626,0.25,10,4,14,0.173913043,0,-0.169437078,0.009091012,-0.25,10,0.333333333,1.333333333,-0.18972332
neighborhood,Seattle,Queen Anne,389,359334,0,0.293059126,9,142,503,0.234117647,-0.101616628,0.074431664,0,0.082897463,0,-0.053333333,-0.054511278,0.04745098
neighborhood,Seattle,Rainier Beach,3,,,,,1,0,0,,,,,,,,
neighborhood,Seattle,Rainier Valley,51,321278,-0.001212856,0.31372549,13,26,53,0.191082803,0,0.094163042,0.006421375,0.196078431,-2,0.130434783,-0.436170213,-0.04979311
neighborhood,Seattle,Rainier View,0,,,,,0,0,,,,,,,,,
neighborhood,Seattle,Ravenna,0,,,,,0,0,,-1,,,,,-1,-1,
neighborhood,Seattle,Riverview,0,,,,,0,0,,,,,,,,-1,
neighborhood,Seattle,Roosevelt,16,417383,0.023709904,0.4375,5,2,14,0,1.666666667,0.966468787,0.009193774,-0.0625,-1,-0.333333333,0.076923077,-0.375
neighborhood,Seattle,Sand Point,28,275160,0.006169435,0.535714286,7,8,38,0.066666667,-0.243243243,0.20909059,0.01591668,0.265444015,18,-0.111111111,0.055555556,-0.004761905
neighborhood,Seattle,Seaview,23,270450,-0.001723377,0.260869565,8,6,29,0.088235294,0.769230769,0.130823459,0.0123001,-0.200668896,47,0.2,0.208333333,-0.011764706
neighborhood,Seattle,Seward Park,0,,,,,0,0,,,,,,,,-1,
neighborhood,Seattle,Shorewood,13,71946,-0.037768657,0.230769231,20,13,35,0.215189873,-0.133333333,-0.244788277,-0.029713256,-0.169230769,54,0,0.09375,-0.051476793
neighborhood,Seattle,Skyway,7,228285,-0.014777291,0,44,1,0,0,,,,,,,-1,-0.571428571
neighborhood,Seattle,SoDo,9,475777,-0.001427248,0.333333333,7,6,10,0.347826087,0.285714286,0.227586687,0.008956012,-0.095238095,-5,-0.142857143,-0.411764706,0.226613966
neighborhood,Seattle,South Beacon Hill,0,,,,,0,0,,,,,,,,,
neighborhood,Seattle,South Delridge,22,199295,-0.000428816,0.181818182,12,7,34,0.285714286,0.157894737,-0.125292966,-0.004314369,-0.133971292,-7,-0.363636364,-0.306122449,0.050420168
neighborhood,Seattle,Southeast Magnolia,18,600833,-0.0131577,0.333333333,15,7,24,0.075,0.384615385,0.086479605,0.013520161,0.333333333,-15,-0.125,-0.04,0.015
neighborhood,Seattle,South Lake Union,13,447865,-0.008195969,0.538461538,14,2,10,,-0.409090909,0.393646417,-0.001813211,0.265734266,2,-0.666666667,-0.473684211,
neighborhood,Seattle,South Park,0,,,,,1,0,0.6,,,,,,,-1,
neighborhood,Seattle,Stevens,58,373310,-0.00026259,0.379310345,7,23,91,0.130434783,-0.205479452,0.157309954,-0.000636189,-0.031648559,1,-0.08,-0.165137615,-0.032830524
neighborhood,Seattle,Sunset Hill,22,622045,0,0.136363636,18,6,33,0.222222222,0.157894737,0.082214517,0.022641383,0.136363636,24,0,0.941176471,-0.111111111
neighborhood,Seattle,University District,45,350724,0.004911471,0.422222222,7,14,63,0.152941176,-0.0625,0.29338747,0.002077239,0.151388889,10,-0.066666667,0.105263158,-0.011893988
neighborhood,Seattle,University Way North East,21,339728,0.000591718,0.571428571,8,3,10,0.15,0.75,1.1233,0.004544287,0.571428571,52,,4,
neighborhood,Seattle,Upper Rainer Beach,6,217500,0.004087913,0.5,128,5,3,0.533333333,-0.5,0.140235911,0.008949355,0.5,-93,-0.444444444,-0.911764706,0.219607843
neighborhood,Seattle,Victory Heights,24,258000,-0.000229317,0.375,11,10,26,0.224137931,0.411764706,0.697569449,-0.006784706,-0.036764706,2,0.111111111,-0.037037037,0.13322884
neighborhood,Seattle,View Ridge,35,268094,-0.003995681,0.428571429,12,9,41,0.056603774,-0.166666667,0.400670832,0.025217378,0.285714286,17,0,0.138888889,-0.125214408
neighborhood,Seattle,Wallingford,65,518490,4.40E-06,0.4,6,15,77,0.120879121,0.585365854,0.53577067,0.003413992,0.180487805,5,-0.166666667,-0.104651163,-0.07178143
neighborhood,Seattle,Washington Park,0,,,,,0,0,,,,,,,,-1,
neighborhood,Seattle,Wedgwood,10,213400,-0.015870974,0.4,40,3,12,0.157894737,0.428571429,0.272950693,0.000455556,0.4,-33,0,-0.25,0.157894737
neighborhood,Seattle,Westlake,41,353609,0.00290528,0.487804878,7,9,38,0.377358491,0.025,0.156340746,-0.013844113,-0.112195122,-3,-0.181818182,-0.073170732,0.091644205
neighborhood,Seattle,West Queen Anne,63,361246,-0.01298044,0.158730159,17,23,72,0.117647059,0.086206897,0.239138339,-0.01298044,-0.013683634,-8,0.15,-0.064935065,-0.117647059
neighborhood,Seattle,West Seattle,395,313729,0,0.318987342,11,175,549,0.203809524,0.270096463,0.049204725,0.000445512,0.084260654,6,0.107594937,0.026168224,0.027649186
neighborhood,Seattle,West Woodland,48,460291,0.027774888,0.708333333,11,12,52,0.154929577,0,0.112822001,0.019809547,0.145833333,-4,0.5,0.485714286,0.154929577
neighborhood,Seattle,Westwood / Roxhill,62,259000,-0.001904962,0.306451613,11,25,90,0.131578947,1.583333333,0.02206718,-0.005341382,0.056451613,4,0.086956522,0.084337349,-0.026694434
neighborhood,Seattle,White Center,19,123936,-0.005169667,0.157894737,20,27,49,0.166666667,-0.321428571,-0.050298851,-0.006152629,0.157894737,50,0.588235294,0.042553191,-0.006410256
neighborhood,Seattle,Whittier Heights,10,469450,0.043233458,1,6,5,23,0.344827586,-0.230769231,0.178725936,0.039847046,0.461538462,1,0,0,0.344827586
neighborhood,Seattle,Windermere,3,,,,,1,3,,-0.7,,,,,-0.75,-0.823529412,
neighborhood,Seattle,Yesler Terrace,7,259642,-0.065356252,0,68,9,12,0.558139535,-0.774193548,0.29523743,-0.030505659,-0.193548387,-46,-0.181818182,-0.538461538,0.264021888
neighborhood,Shoreline,Lake Forest Park,86,226058,-0.005196115,0.26744186,28,34,101,0.217821782,-0.033707865,0.58631627,-0.005965649,0.098902535,17,0.0625,0.422535211,-0.039910177
neighborhood,Shoreline,North City,36,345187,-0.001214252,0.111111111,42,10,18,0.203389831,0.058823529,1.179334684,0.01456729,-0.212418301,1,0.111111111,-0.357142857,0.071314359
neighborhood,Shoreline,Richmond Beach,38,268523,0.002192982,0.263157895,7,18,80,0.252336449,-0.518987342,-0.190361758,0.017988442,0.149233844,26,-0.052631579,0.632653061,0.048796626
neighborhood,Shoreline,Sherwood,0,,,,,1,6,0,-1,,,,,,,0
neighborhood,Shoreline,Shoreline,59,170478,-0.002429687,0.305084746,28,16,65,0.263157895,-0.016666667,-0.142680412,0.013212619,-0.061581921,-13,-0.384615385,-0.207317073,0.148508213
neighborhood,Snoqualmie,Snoqualmie Ridge,44,287181,-0.009247886,0.25,18,15,31,0.32183908,-0.254237288,0.024059137,-0.007748494,-0.055084746,-3,-0.210526316,-0.491803279,0.225347852
neighborhood,Tukwila,Foster,0,,,,,1,3,,,,,,,,0,
neighborhood,Tukwila,Riverton,0,,,,,0,0,,,,,,,,-1,
neighborhood,Woodinville,East Wellington,0,,,,,0,0,,,,,,,,,
neighborhood,Woodinville,Leota,0,,,,,0,0,,,,,,,,,
neighborhood,Woodinville,Lower West Ridge,15,250000,-0.025699633,0.266666667,29,3,10,0.266666667,0.25,-0.19933641,-0.056417624,-0.483333333,-25,-0.25,0.25,0.133333333
neighborhood,Woodinville,Pioneer Hills,41,117951,0.00040992,0.243902439,22,8,17,0.282608696,0.518518519,-0.034652371,-0.002384035,-0.237579042,-15,-0.272727273,-0.552631579,0.235733696
neighborhood,Woodinville,Reinwood Leota,0,,,,,0,0,,,,,,,,,
neighborhood,Woodinville,The Wedge,0,,,,,1,4,0.5,-1,,,,,,-0.333333333,0.5
neighborhood,Woodinville,Town Center,48,123279,-0.000483193,0.208333333,18,10,27,0.271186441,0.142857143,0.146664062,-0.005871535,-0.386904762,-12,-0.285714286,-0.4375,0.234601075
neighborhood,Woodinville,Upper West Ridge,21,209600,-0.035559456,0,34,17,33,0.300970874,-0.222222222,0.459610028,-0.079785118,-0.518518519,-25,0.545454545,-0.108108108,0.241269381
neighborhood,Woodinville,Wedge,0,,,,,1,4,0.5,-1,,,,,,-0.333333333,0.5
neighborhood,Woodinville,West Ridge,22,177500,-0.04402017,0.181818182,42,15,29,0.356321839,-0.185185185,0.05541054,-0.081259814,-0.447811448,-35,0.875,0.260869565,0.274689186
neighborhood,Woodinville,West Wellington,0,,,,,0,0,,,,,,,,,
neighborhood,Woodinville,Woodinville Heights,0,,,,,0,0,,,,,,,,,
